ID,Number,Name,URL,Type
a001,1,"Canal A001",http://181.188.216.5:18000/play/a001/index.m3u8,stream
a002,2,"Canal A002",http://181.188.216.5:18000/play/a002/index.m3u8,stream
a003,3,"Canal A003",http://181.188.216.5:18000/play/a003/index.m3u8,stream
a004,4,"Canal A004",http://181.188.216.5:18000/play/a004/index.m3u8,stream
a005,5,"Canal A005",http://181.188.216.5:18000/play/a005/index.m3u8,stream
a006,6,"Canal A006",http://181.188.216.5:18000/play/a006/index.m3u8,stream
a007,7,"Canal A007",http://181.188.216.5:18000/play/a007/index.m3u8,stream
a008,8,"Canal A008",http://181.188.216.5:18000/play/a008/index.m3u8,stream
a009,9,"Canal A009",http://181.188.216.5:18000/play/a009/index.m3u8,stream
a00a,10,"Canal A00A",http://181.188.216.5:18000/play/a00a/index.m3u8,stream
a00b,11,"Canal A00B",http://181.188.216.5:18000/play/a00b/index.m3u8,stream
a00c,12,"Canal A00C",http://181.188.216.5:18000/play/a00c/index.m3u8,stream
a00d,13,"Canal A00D",http://181.188.216.5:18000/play/a00d/index.m3u8,stream
a00e,14,"Canal A00E",http://181.188.216.5:18000/play/a00e/index.m3u8,stream
a00f,15,"Canal A00F",http://181.188.216.5:18000/play/a00f/index.m3u8,stream
a010,16,"Canal A010",http://181.188.216.5:18000/play/a010/index.m3u8,stream
a011,17,"Canal A011",http://181.188.216.5:18000/play/a011/index.m3u8,stream
a012,18,"Canal A012",http://181.188.216.5:18000/play/a012/index.m3u8,stream
a013,19,"Canal A013",http://181.188.216.5:18000/play/a013/index.m3u8,stream
a014,20,"Canal A014",http://181.188.216.5:18000/play/a014/index.m3u8,stream
a015,21,"Canal A015",http://181.188.216.5:18000/play/a015/index.m3u8,stream
a016,22,"Canal A016",http://181.188.216.5:18000/play/a016/index.m3u8,stream
a017,23,"Canal A017",http://181.188.216.5:18000/play/a017/index.m3u8,stream
a018,24,"Canal A018",http://181.188.216.5:18000/play/a018/index.m3u8,stream
a019,25,"Canal A019",http://181.188.216.5:18000/play/a019/index.m3u8,stream
a01a,26,"Canal A01A",http://181.188.216.5:18000/play/a01a/index.m3u8,stream
a01b,27,"Canal A01B",http://181.188.216.5:18000/play/a01b/index.m3u8,stream
a01c,28,"Canal A01C",http://181.188.216.5:18000/play/a01c/index.m3u8,stream
a01d,29,"Canal A01D",http://181.188.216.5:18000/play/a01d/index.m3u8,stream
a01e,30,"Canal A01E",http://181.188.216.5:18000/play/a01e/index.m3u8,stream
a01f,31,"Canal A01F",http://181.188.216.5:18000/play/a01f/index.m3u8,stream
a020,32,"Canal A020",http://181.188.216.5:18000/play/a020/index.m3u8,stream
a021,33,"Canal A021",http://181.188.216.5:18000/play/a021/index.m3u8,stream
a022,34,"Canal A022",http://181.188.216.5:18000/play/a022/index.m3u8,stream
a023,35,"Canal A023",http://181.188.216.5:18000/play/a023/index.m3u8,stream
a024,36,"Canal A024",http://181.188.216.5:18000/play/a024/index.m3u8,stream
a025,37,"Canal A025",http://181.188.216.5:18000/play/a025/index.m3u8,stream
a026,38,"Canal A026",http://181.188.216.5:18000/play/a026/index.m3u8,stream
a027,39,"Canal A027",http://181.188.216.5:18000/play/a027/index.m3u8,stream
a028,40,"Canal A028",http://181.188.216.5:18000/play/a028/index.m3u8,stream
a029,41,"Canal A029",http://181.188.216.5:18000/play/a029/index.m3u8,stream
a02a,42,"Canal A02A",http://181.188.216.5:18000/play/a02a/index.m3u8,stream
a02b,43,"Canal A02B",http://181.188.216.5:18000/play/a02b/index.m3u8,stream
a02c,44,"Canal A02C",http://181.188.216.5:18000/play/a02c/index.m3u8,stream
a02d,45,"Canal A02D",http://181.188.216.5:18000/play/a02d/index.m3u8,stream
a02e,46,"Canal A02E",http://181.188.216.5:18000/play/a02e/index.m3u8,stream
a02f,47,"Canal A02F",http://181.188.216.5:18000/play/a02f/index.m3u8,stream
a030,48,"Canal A030",http://181.188.216.5:18000/play/a030/index.m3u8,stream
a031,49,"Canal A031",http://181.188.216.5:18000/play/a031/index.m3u8,stream
a032,50,"Canal A032",http://181.188.216.5:18000/play/a032/index.m3u8,stream
a033,51,"Canal A033",http://181.188.216.5:18000/play/a033/index.m3u8,stream
a034,52,"Canal A034",http://181.188.216.5:18000/play/a034/index.m3u8,stream
a035,53,"Canal A035",http://181.188.216.5:18000/play/a035/index.m3u8,stream
a036,54,"Canal A036",http://181.188.216.5:18000/play/a036/index.m3u8,stream
a037,55,"Canal A037",http://181.188.216.5:18000/play/a037/index.m3u8,stream
a038,56,"Canal A038",http://181.188.216.5:18000/play/a038/index.m3u8,stream
a039,57,"Canal A039",http://181.188.216.5:18000/play/a039/index.m3u8,stream
a03a,58,"Canal A03A",http://181.188.216.5:18000/play/a03a/index.m3u8,stream
a03b,59,"Canal A03B",http://181.188.216.5:18000/play/a03b/index.m3u8,stream
a03c,60,"Canal A03C",http://181.188.216.5:18000/play/a03c/index.m3u8,stream
a03d,61,"Canal A03D",http://181.188.216.5:18000/play/a03d/index.m3u8,stream
a03e,62,"Canal A03E",http://181.188.216.5:18000/play/a03e/index.m3u8,stream
a03f,63,"Canal A03F",http://181.188.216.5:18000/play/a03f/index.m3u8,stream
a040,64,"Canal A040",http://181.188.216.5:18000/play/a040/index.m3u8,stream
a041,65,"Canal A041",http://181.188.216.5:18000/play/a041/index.m3u8,stream
a042,66,"Canal A042",http://181.188.216.5:18000/play/a042/index.m3u8,stream
a043,67,"Canal A043",http://181.188.216.5:18000/play/a043/index.m3u8,stream
a044,68,"Canal A044",http://181.188.216.5:18000/play/a044/index.m3u8,stream
a045,69,"Canal A045",http://181.188.216.5:18000/play/a045/index.m3u8,stream
a046,70,"Canal A046",http://181.188.216.5:18000/play/a046/index.m3u8,stream
a047,71,"Canal A047",http://181.188.216.5:18000/play/a047/index.m3u8,stream
a048,72,"Canal A048",http://181.188.216.5:18000/play/a048/index.m3u8,stream
a049,73,"Canal A049",http://181.188.216.5:18000/play/a049/index.m3u8,stream
a04a,74,"Canal A04A",http://181.188.216.5:18000/play/a04a/index.m3u8,stream
a04b,75,"Canal A04B",http://181.188.216.5:18000/play/a04b/index.m3u8,stream
a04c,76,"Canal A04C",http://181.188.216.5:18000/play/a04c/index.m3u8,stream
a04d,77,"Canal A04D",http://181.188.216.5:18000/play/a04d/index.m3u8,stream
a04e,78,"Canal A04E",http://181.188.216.5:18000/play/a04e/index.m3u8,stream
a04f,79,"Canal A04F",http://181.188.216.5:18000/play/a04f/index.m3u8,stream
a050,80,"Canal A050",http://181.188.216.5:18000/play/a050/index.m3u8,stream
a051,81,"Canal A051",http://181.188.216.5:18000/play/a051/index.m3u8,stream
a052,82,"Canal A052",http://181.188.216.5:18000/play/a052/index.m3u8,stream
a053,83,"Canal A053",http://181.188.216.5:18000/play/a053/index.m3u8,stream
a054,84,"Canal A054",http://181.188.216.5:18000/play/a054/index.m3u8,stream
a055,85,"Canal A055",http://181.188.216.5:18000/play/a055/index.m3u8,stream
a056,86,"Canal A056",http://181.188.216.5:18000/play/a056/index.m3u8,stream
a057,87,"Canal A057",http://181.188.216.5:18000/play/a057/index.m3u8,stream
a058,88,"Canal A058",http://181.188.216.5:18000/play/a058/index.m3u8,stream
a059,89,"Canal A059",http://181.188.216.5:18000/play/a059/index.m3u8,stream
a05a,90,"Canal A05A",http://181.188.216.5:18000/play/a05a/index.m3u8,stream
a05b,91,"Canal A05B",http://181.188.216.5:18000/play/a05b/index.m3u8,stream
a05c,92,"Canal A05C",http://181.188.216.5:18000/play/a05c/index.m3u8,stream
a05d,93,"Canal A05D",http://181.188.216.5:18000/play/a05d/index.m3u8,stream
a05e,94,"Canal A05E",http://181.188.216.5:18000/play/a05e/index.m3u8,stream
a05f,95,"Canal A05F",http://181.188.216.5:18000/play/a05f/index.m3u8,stream
a060,96,"Canal A060",http://181.188.216.5:18000/play/a060/index.m3u8,stream
a061,97,"Canal A061",http://181.188.216.5:18000/play/a061/index.m3u8,stream
a062,98,"Canal A062",http://181.188.216.5:18000/play/a062/index.m3u8,stream
a063,99,"Canal A063",http://181.188.216.5:18000/play/a063/index.m3u8,stream
a064,100,"Canal A064",http://181.188.216.5:18000/play/a064/index.m3u8,stream
a065,101,"Canal A065",http://181.188.216.5:18000/play/a065/index.m3u8,stream
a066,102,"Canal A066",http://181.188.216.5:18000/play/a066/index.m3u8,stream
a067,103,"Canal A067",http://181.188.216.5:18000/play/a067/index.m3u8,stream
a068,104,"Canal A068",http://181.188.216.5:18000/play/a068/index.m3u8,stream
a069,105,"Canal A069",http://181.188.216.5:18000/play/a069/index.m3u8,stream
a06a,106,"Canal A06A",http://181.188.216.5:18000/play/a06a/index.m3u8,stream
a06b,107,"Canal A06B",http://181.188.216.5:18000/play/a06b/index.m3u8,stream
a06c,108,"Canal A06C",http://181.188.216.5:18000/play/a06c/index.m3u8,stream
a06d,109,"Canal A06D",http://181.188.216.5:18000/play/a06d/index.m3u8,stream
a06e,110,"Canal A06E",http://181.188.216.5:18000/play/a06e/index.m3u8,stream
a06f,111,"Canal A06F",http://181.188.216.5:18000/play/a06f/index.m3u8,stream
a070,112,"Canal A070",http://181.188.216.5:18000/play/a070/index.m3u8,stream
a071,113,"Canal A071",http://181.188.216.5:18000/play/a071/index.m3u8,stream
a072,114,"Canal A072",http://181.188.216.5:18000/play/a072/index.m3u8,stream
a073,115,"Canal A073",http://181.188.216.5:18000/play/a073/index.m3u8,stream
a074,116,"Canal A074",http://181.188.216.5:18000/play/a074/index.m3u8,stream
a075,117,"Canal A075",http://181.188.216.5:18000/play/a075/index.m3u8,stream
a076,118,"Canal A076",http://181.188.216.5:18000/play/a076/index.m3u8,stream
a077,119,"Canal A077",http://181.188.216.5:18000/play/a077/index.m3u8,stream
a078,120,"Canal A078",http://181.188.216.5:18000/play/a078/index.m3u8,stream
a079,121,"Canal A079",http://181.188.216.5:18000/play/a079/index.m3u8,stream
a07a,122,"Canal A07A",http://181.188.216.5:18000/play/a07a/index.m3u8,stream
a07b,123,"Canal A07B",http://181.188.216.5:18000/play/a07b/index.m3u8,stream
a07c,124,"Canal A07C",http://181.188.216.5:18000/play/a07c/index.m3u8,stream
a07d,125,"Canal A07D",http://181.188.216.5:18000/play/a07d/index.m3u8,stream
a07e,126,"Canal A07E",http://181.188.216.5:18000/play/a07e/index.m3u8,stream
a07f,127,"Canal A07F",http://181.188.216.5:18000/play/a07f/index.m3u8,stream
a080,128,"Canal A080",http://181.188.216.5:18000/play/a080/index.m3u8,stream
a081,129,"Canal A081",http://181.188.216.5:18000/play/a081/index.m3u8,stream
a082,130,"Canal A082",http://181.188.216.5:18000/play/a082/index.m3u8,stream
a083,131,"Canal A083",http://181.188.216.5:18000/play/a083/index.m3u8,stream
a084,132,"Canal A084",http://181.188.216.5:18000/play/a084/index.m3u8,stream
a085,133,"Canal A085",http://181.188.216.5:18000/play/a085/index.m3u8,stream
a086,134,"Canal A086",http://181.188.216.5:18000/play/a086/index.m3u8,stream
a087,135,"Canal A087",http://181.188.216.5:18000/play/a087/index.m3u8,stream
a088,136,"Canal A088",http://181.188.216.5:18000/play/a088/index.m3u8,stream
a089,137,"Canal A089",http://181.188.216.5:18000/play/a089/index.m3u8,stream
a08a,138,"Canal A08A",http://181.188.216.5:18000/play/a08a/index.m3u8,stream
a08b,139,"Canal A08B",http://181.188.216.5:18000/play/a08b/index.m3u8,stream
a08c,140,"Canal A08C",http://181.188.216.5:18000/play/a08c/index.m3u8,stream
a08d,141,"Canal A08D",http://181.188.216.5:18000/play/a08d/index.m3u8,stream
a08e,142,"Canal A08E",http://181.188.216.5:18000/play/a08e/index.m3u8,stream
a08f,143,"Canal A08F",http://181.188.216.5:18000/play/a08f/index.m3u8,stream
a090,144,"Canal A090",http://181.188.216.5:18000/play/a090/index.m3u8,stream
a091,145,"Canal A091",http://181.188.216.5:18000/play/a091/index.m3u8,stream
a092,146,"Canal A092",http://181.188.216.5:18000/play/a092/index.m3u8,stream
a093,147,"Canal A093",http://181.188.216.5:18000/play/a093/index.m3u8,stream
a094,148,"Canal A094",http://181.188.216.5:18000/play/a094/index.m3u8,stream
a095,149,"Canal A095",http://181.188.216.5:18000/play/a095/index.m3u8,stream
a096,150,"Canal A096",http://181.188.216.5:18000/play/a096/index.m3u8,stream
a097,151,"Canal A097",http://181.188.216.5:18000/play/a097/index.m3u8,stream
a098,152,"Canal A098",http://181.188.216.5:18000/play/a098/index.m3u8,stream
a099,153,"Canal A099",http://181.188.216.5:18000/play/a099/index.m3u8,stream
a09a,154,"Canal A09A",http://181.188.216.5:18000/play/a09a/index.m3u8,stream
a09b,155,"Canal A09B",http://181.188.216.5:18000/play/a09b/index.m3u8,stream
a09c,156,"Canal A09C",http://181.188.216.5:18000/play/a09c/index.m3u8,stream
a09d,157,"Canal A09D",http://181.188.216.5:18000/play/a09d/index.m3u8,stream
a09e,158,"Canal A09E",http://181.188.216.5:18000/play/a09e/index.m3u8,stream
a09f,159,"Canal A09F",http://181.188.216.5:18000/play/a09f/index.m3u8,stream
a0a0,160,"Canal A0A0",http://181.188.216.5:18000/play/a0a0/index.m3u8,stream
a0a1,161,"Canal A0A1",http://181.188.216.5:18000/play/a0a1/index.m3u8,stream
a0a2,162,"Canal A0A2",http://181.188.216.5:18000/play/a0a2/index.m3u8,stream
a0a3,163,"Canal A0A3",http://181.188.216.5:18000/play/a0a3/index.m3u8,stream
a0a4,164,"Canal A0A4",http://181.188.216.5:18000/play/a0a4/index.m3u8,stream
a0a5,165,"Canal A0A5",http://181.188.216.5:18000/play/a0a5/index.m3u8,stream
a0a6,166,"Canal A0A6",http://181.188.216.5:18000/play/a0a6/index.m3u8,stream
a0a7,167,"Canal A0A7",http://181.188.216.5:18000/play/a0a7/index.m3u8,stream
a0a8,168,"Canal A0A8",http://181.188.216.5:18000/play/a0a8/index.m3u8,stream
a0a9,169,"Canal A0A9",http://181.188.216.5:18000/play/a0a9/index.m3u8,stream
a0aa,170,"Canal A0AA",http://181.188.216.5:18000/play/a0aa/index.m3u8,stream
a0ab,171,"Canal A0AB",http://181.188.216.5:18000/play/a0ab/index.m3u8,stream
a0ac,172,"Canal A0AC",http://181.188.216.5:18000/play/a0ac/index.m3u8,stream
a0ad,173,"Canal A0AD",http://181.188.216.5:18000/play/a0ad/index.m3u8,stream
a0ae,174,"Canal A0AE",http://181.188.216.5:18000/play/a0ae/index.m3u8,stream
a0af,175,"Canal A0AF",http://181.188.216.5:18000/play/a0af/index.m3u8,stream
a0b0,176,"Canal A0B0",http://181.188.216.5:18000/play/a0b0/index.m3u8,stream
a0b1,177,"Canal A0B1",http://181.188.216.5:18000/play/a0b1/index.m3u8,stream
a0b2,178,"Canal A0B2",http://181.188.216.5:18000/play/a0b2/index.m3u8,stream
a0b3,179,"Canal A0B3",http://181.188.216.5:18000/play/a0b3/index.m3u8,stream
a0b4,180,"Canal A0B4",http://181.188.216.5:18000/play/a0b4/index.m3u8,stream
a0b5,181,"Canal A0B5",http://181.188.216.5:18000/play/a0b5/index.m3u8,stream
a0b6,182,"Canal A0B6",http://181.188.216.5:18000/play/a0b6/index.m3u8,stream
a0b7,183,"Canal A0B7",http://181.188.216.5:18000/play/a0b7/index.m3u8,stream
a0b8,184,"Canal A0B8",http://181.188.216.5:18000/play/a0b8/index.m3u8,stream
a0b9,185,"Canal A0B9",http://181.188.216.5:18000/play/a0b9/index.m3u8,stream
a0ba,186,"Canal A0BA",http://181.188.216.5:18000/play/a0ba/index.m3u8,stream
a0bb,187,"Canal A0BB",http://181.188.216.5:18000/play/a0bb/index.m3u8,stream
a0bc,188,"Canal A0BC",http://181.188.216.5:18000/play/a0bc/index.m3u8,stream
a0bd,189,"Canal A0BD",http://181.188.216.5:18000/play/a0bd/index.m3u8,stream
a0be,190,"Canal A0BE",http://181.188.216.5:18000/play/a0be/index.m3u8,stream
a0bf,191,"Canal A0BF",http://181.188.216.5:18000/play/a0bf/index.m3u8,stream
a0c0,192,"Canal A0C0",http://181.188.216.5:18000/play/a0c0/index.m3u8,stream
a0c1,193,"Canal A0C1",http://181.188.216.5:18000/play/a0c1/index.m3u8,stream
a0c2,194,"Canal A0C2",http://181.188.216.5:18000/play/a0c2/index.m3u8,stream
a0c3,195,"Canal A0C3",http://181.188.216.5:18000/play/a0c3/index.m3u8,stream
a0c4,196,"Canal A0C4",http://181.188.216.5:18000/play/a0c4/index.m3u8,stream
a0c5,197,"Canal A0C5",http://181.188.216.5:18000/play/a0c5/index.m3u8,stream
a0c6,198,"Canal A0C6",http://181.188.216.5:18000/play/a0c6/index.m3u8,stream
a0c7,199,"Canal A0C7",http://181.188.216.5:18000/play/a0c7/index.m3u8,stream
a0c8,200,"Canal A0C8",http://181.188.216.5:18000/play/a0c8/index.m3u8,stream
a0c9,201,"Canal A0C9",http://181.188.216.5:18000/play/a0c9/index.m3u8,stream
a0ca,202,"Canal A0CA",http://181.188.216.5:18000/play/a0ca/index.m3u8,stream
a0cb,203,"Canal A0CB",http://181.188.216.5:18000/play/a0cb/index.m3u8,stream
a0cc,204,"Canal A0CC",http://181.188.216.5:18000/play/a0cc/index.m3u8,stream
a0cd,205,"Canal A0CD",http://181.188.216.5:18000/play/a0cd/index.m3u8,stream
a0ce,206,"Canal A0CE",http://181.188.216.5:18000/play/a0ce/index.m3u8,stream
a0cf,207,"Canal A0CF",http://181.188.216.5:18000/play/a0cf/index.m3u8,stream
a0d0,208,"Canal A0D0",http://181.188.216.5:18000/play/a0d0/index.m3u8,stream
a0d1,209,"Canal A0D1",http://181.188.216.5:18000/play/a0d1/index.m3u8,stream
a0d2,210,"Canal A0D2",http://181.188.216.5:18000/play/a0d2/index.m3u8,stream
a0d3,211,"Canal A0D3",http://181.188.216.5:18000/play/a0d3/index.m3u8,stream
a0d4,212,"Canal A0D4",http://181.188.216.5:18000/play/a0d4/index.m3u8,stream
a0d5,213,"Canal A0D5",http://181.188.216.5:18000/play/a0d5/index.m3u8,stream
a0d6,214,"Canal A0D6",http://181.188.216.5:18000/play/a0d6/index.m3u8,stream
a0d7,215,"Canal A0D7",http://181.188.216.5:18000/play/a0d7/index.m3u8,stream
a0d8,216,"Canal A0D8",http://181.188.216.5:18000/play/a0d8/index.m3u8,stream
a0d9,217,"Canal A0D9",http://181.188.216.5:18000/play/a0d9/index.m3u8,stream
a0da,218,"Canal A0DA",http://181.188.216.5:18000/play/a0da/index.m3u8,stream
a0db,219,"Canal A0DB",http://181.188.216.5:18000/play/a0db/index.m3u8,stream
a0dc,220,"Canal A0DC",http://181.188.216.5:18000/play/a0dc/index.m3u8,stream
a0dd,221,"Canal A0DD",http://181.188.216.5:18000/play/a0dd/index.m3u8,stream
a0de,222,"Canal A0DE",http://181.188.216.5:18000/play/a0de/index.m3u8,stream
a0df,223,"Canal A0DF",http://181.188.216.5:18000/play/a0df/index.m3u8,stream
a0e0,224,"Canal A0E0",http://181.188.216.5:18000/play/a0e0/index.m3u8,stream
a0e1,225,"Canal A0E1",http://181.188.216.5:18000/play/a0e1/index.m3u8,stream
a0e2,226,"Canal A0E2",http://181.188.216.5:18000/play/a0e2/index.m3u8,stream
a0e3,227,"Canal A0E3",http://181.188.216.5:18000/play/a0e3/index.m3u8,stream
a0e4,228,"Canal A0E4",http://181.188.216.5:18000/play/a0e4/index.m3u8,stream
a0e5,229,"Canal A0E5",http://181.188.216.5:18000/play/a0e5/index.m3u8,stream
a0e6,230,"Canal A0E6",http://181.188.216.5:18000/play/a0e6/index.m3u8,stream
a0e7,231,"Canal A0E7",http://181.188.216.5:18000/play/a0e7/index.m3u8,stream
a0e8,232,"Canal A0E8",http://181.188.216.5:18000/play/a0e8/index.m3u8,stream
a0e9,233,"Canal A0E9",http://181.188.216.5:18000/play/a0e9/index.m3u8,stream
a0ea,234,"Canal A0EA",http://181.188.216.5:18000/play/a0ea/index.m3u8,stream
a0eb,235,"Canal A0EB",http://181.188.216.5:18000/play/a0eb/index.m3u8,stream
a0ec,236,"Canal A0EC",http://181.188.216.5:18000/play/a0ec/index.m3u8,stream
a0ed,237,"Canal A0ED",http://181.188.216.5:18000/play/a0ed/index.m3u8,stream
a0ee,238,"Canal A0EE",http://181.188.216.5:18000/play/a0ee/index.m3u8,stream
a0ef,239,"Canal A0EF",http://181.188.216.5:18000/play/a0ef/index.m3u8,stream
a0f0,240,"Canal A0F0",http://181.188.216.5:18000/play/a0f0/index.m3u8,stream
a0f1,241,"Canal A0F1",http://181.188.216.5:18000/play/a0f1/index.m3u8,stream
a0f2,242,"Canal A0F2",http://181.188.216.5:18000/play/a0f2/index.m3u8,stream
a0f3,243,"Canal A0F3",http://181.188.216.5:18000/play/a0f3/index.m3u8,stream
a0f4,244,"Canal A0F4",http://181.188.216.5:18000/play/a0f4/index.m3u8,stream
a0f5,245,"Canal A0F5",http://181.188.216.5:18000/play/a0f5/index.m3u8,stream
a0f6,246,"Canal A0F6",http://181.188.216.5:18000/play/a0f6/index.m3u8,stream
a0f7,247,"Canal A0F7",http://181.188.216.5:18000/play/a0f7/index.m3u8,stream
a0f8,248,"Canal A0F8",http://181.188.216.5:18000/play/a0f8/index.m3u8,stream
a0f9,249,"Canal A0F9",http://181.188.216.5:18000/play/a0f9/index.m3u8,stream
a0fa,250,"Canal A0FA",http://181.188.216.5:18000/play/a0fa/index.m3u8,stream
a0fb,251,"Canal A0FB",http://181.188.216.5:18000/play/a0fb/index.m3u8,stream
a0fc,252,"Canal A0FC",http://181.188.216.5:18000/play/a0fc/index.m3u8,stream
a0fd,253,"Canal A0FD",http://181.188.216.5:18000/play/a0fd/index.m3u8,stream
a0fe,254,"Canal A0FE",http://181.188.216.5:18000/play/a0fe/index.m3u8,stream
a0ff,255,"Canal A0FF",http://181.188.216.5:18000/play/a0ff/index.m3u8,stream
a100,256,"Canal A100",http://181.188.216.5:18000/play/a100/index.m3u8,stream
a101,257,"Canal A101",http://181.188.216.5:18000/play/a101/index.m3u8,stream
a102,258,"Canal A102",http://181.188.216.5:18000/play/a102/index.m3u8,stream
a103,259,"Canal A103",http://181.188.216.5:18000/play/a103/index.m3u8,stream
a104,260,"Canal A104",http://181.188.216.5:18000/play/a104/index.m3u8,stream
a105,261,"Canal A105",http://181.188.216.5:18000/play/a105/index.m3u8,stream
a106,262,"Canal A106",http://181.188.216.5:18000/play/a106/index.m3u8,stream
a107,263,"Canal A107",http://181.188.216.5:18000/play/a107/index.m3u8,stream
a108,264,"Canal A108",http://181.188.216.5:18000/play/a108/index.m3u8,stream
a109,265,"Canal A109",http://181.188.216.5:18000/play/a109/index.m3u8,stream
a10a,266,"Canal A10A",http://181.188.216.5:18000/play/a10a/index.m3u8,stream
a10b,267,"Canal A10B",http://181.188.216.5:18000/play/a10b/index.m3u8,stream
a10c,268,"Canal A10C",http://181.188.216.5:18000/play/a10c/index.m3u8,stream
a10d,269,"Canal A10D",http://181.188.216.5:18000/play/a10d/index.m3u8,stream
a10e,270,"Canal A10E",http://181.188.216.5:18000/play/a10e/index.m3u8,stream
a10f,271,"Canal A10F",http://181.188.216.5:18000/play/a10f/index.m3u8,stream
a110,272,"Canal A110",http://181.188.216.5:18000/play/a110/index.m3u8,stream
a111,273,"Canal A111",http://181.188.216.5:18000/play/a111/index.m3u8,stream
a112,274,"Canal A112",http://181.188.216.5:18000/play/a112/index.m3u8,stream
a113,275,"Canal A113",http://181.188.216.5:18000/play/a113/index.m3u8,stream
a114,276,"Canal A114",http://181.188.216.5:18000/play/a114/index.m3u8,stream
a115,277,"Canal A115",http://181.188.216.5:18000/play/a115/index.m3u8,stream
a116,278,"Canal A116",http://181.188.216.5:18000/play/a116/index.m3u8,stream
a117,279,"Canal A117",http://181.188.216.5:18000/play/a117/index.m3u8,stream
a118,280,"Canal A118",http://181.188.216.5:18000/play/a118/index.m3u8,stream
a119,281,"Canal A119",http://181.188.216.5:18000/play/a119/index.m3u8,stream
a11a,282,"Canal A11A",http://181.188.216.5:18000/play/a11a/index.m3u8,stream
a11b,283,"Canal A11B",http://181.188.216.5:18000/play/a11b/index.m3u8,stream
a11c,284,"Canal A11C",http://181.188.216.5:18000/play/a11c/index.m3u8,stream
a11d,285,"Canal A11D",http://181.188.216.5:18000/play/a11d/index.m3u8,stream
a11e,286,"Canal A11E",http://181.188.216.5:18000/play/a11e/index.m3u8,stream
a11f,287,"Canal A11F",http://181.188.216.5:18000/play/a11f/index.m3u8,stream
a120,288,"Canal A120",http://181.188.216.5:18000/play/a120/index.m3u8,stream
a121,289,"Canal A121",http://181.188.216.5:18000/play/a121/index.m3u8,stream
a122,290,"Canal A122",http://181.188.216.5:18000/play/a122/index.m3u8,stream
a123,291,"Canal A123",http://181.188.216.5:18000/play/a123/index.m3u8,stream
a124,292,"Canal A124",http://181.188.216.5:18000/play/a124/index.m3u8,stream
a125,293,"Canal A125",http://181.188.216.5:18000/play/a125/index.m3u8,stream
a126,294,"Canal A126",http://181.188.216.5:18000/play/a126/index.m3u8,stream
a127,295,"Canal A127",http://181.188.216.5:18000/play/a127/index.m3u8,stream
a128,296,"Canal A128",http://181.188.216.5:18000/play/a128/index.m3u8,stream
a129,297,"Canal A129",http://181.188.216.5:18000/play/a129/index.m3u8,stream
a12a,298,"Canal A12A",http://181.188.216.5:18000/play/a12a/index.m3u8,stream
a12b,299,"Canal A12B",http://181.188.216.5:18000/play/a12b/index.m3u8,stream
a12c,300,"Canal A12C",http://181.188.216.5:18000/play/a12c/index.m3u8,stream